[{"@type":"mappingTemplate","id":"@1","name":"Mapping4","description":"Extracts all or a subset of data from a source and loads it to a dynamically created target.\n\nIf you create a relational target, the Mapping task inserts data into the target table the first time it runs. Subsequent runs can load data using update or upsert operations. If you create a flat file target, the Mapping task re-creates the target file each time it runs.","bundleVersion":"0","templateId":"@3","deployTime":1646159917000,"hasParameters":true,"valid":true,"fixedConnection":true,"hasParametersDeployed":true,"fixedConnectionDeployed":true,"tasks":1,"mappingPreviewFileRecordId":"@2","documentType":"MAPPING","references":[{"@type":"reference","refObjectId":"@8NclAFRsOgokKWNGVer4Gj","refType":"connection"},{"@type":"reference","refObjectId":"@h5S5SPewbSkcgWNDWStNyo","refType":"connection"}]}]