[{"@type":"pcsTask","id":"@1","name":"PowerCenter Task1","runtimeEnvironmentId":"@gf8XTvk2gU3jdUGVY2prQ4","maxLogs":10,"pcXmlFile":"w_DATABRICKS_DEMO_grocery_chain_grocery_store_locations_1006.XML","workflowName":"w_DATABRICKS_DEMO_grocery_chain_grocery_store_locations_1006","sessionName":"s_DATABRICKS_DEMO_grocery_chain_grocery_store_locations_1006_0","mappingName":"m_DATABRICKS_DEMO_grocery_chain_grocery_store_locations_1006_0","serverlessProperties":{},"paramFileType":"PARAM_FILE_LOCAL","parameterFileEncoding":"UTF-8","transformations":[{"@type":"pcsTransformation","name":"TGT_ODBC_grocery_store_locations","type":"TGT_ODBC_grocery_store_locations","connectionRef":"DATABRICKS_DEMO_MASKED","description":""},{"@type":"pcsTransformation","name":"grocery_store_locations_1","type":"grocery_store_locations_1","description":""},{"@type":"pcsTransformation","name":"SQ_grocery_store_locations_1","type":"SQ_grocery_store_locations_1","connectionRef":"DATABRICKS_DEMO","description":""},{"@type":"pcsTransformation","name":"NAME_0","type":"NAME_0","connectionRef":"TDM_CONNECTION","description":"NAME_0"},{"@type":"pcsTransformation","name":"NAME_2","type":"NAME_2","description":""}],"connections":[{"@type":"pcsConnection","id":440293,"name":"DATABRICKS_DEMO_MASKED","type":"Relational","subType":"ODBC","connectionId":"@0jKM7DLSWI3kkk57aJcJuw"},{"@type":"pcsConnection","id":440296,"name":"DATABRICKS_DEMO","type":"Relational","subType":"ODBC","connectionId":"@0jKM7DLSWI3kkk57aJcJuw"},{"@type":"pcsConnection","id":440299,"name":"TDM_CONNECTION","type":"Relational","subType":"Oracle","connectionId":"@0jKM7DLSWI3kkk57aJcJuw"}],"parameters":[],"inOutParameters":[]}]