[{"@type":"mtTask","id":"@1","name":"ParameterTask","description":"","runtimeEnvironmentId":"@eWvIblHqYKkc0sjkv7fj87","maxLogs":10,"verbose":false,"mappingId":"@4MHAscuNO04bCPRsCOA36n","shortDescription":"","sessionPropertiesList":[],"enableCrossSchemaPushdown":true,"enableParallelRun":false,"autoTunedApplied":false,"autoTunedAppliedType":"NONE","paramFileType":"PARAM_FILE_LOCAL","schemaMode":"async","parameterFileEncoding":"UTF-8","serverlessProperties":{},"taskProperties":[{"@type":"taskProperty","name":"parameterFileDir","currentValue":"","type":"STRING","label":"label.parameterFileDir","required":false},{"@type":"taskProperty","name":"parameterFileName","currentValue":"","type":"STRING","label":"label.parameterFileName","required":false}],"parameters":[{"@type":"mtTaskParameter","id":131449975,"name":"$SourceTable$","type":"EXTENDED_SOURCE","label":"P_SrcConnection (P_SrcConnection)","description":"","uiProperties":{"connectionParameterized":"true","logcnx":"P_SrcConnection","isMsrcFilterParameterized":"true","isMsrcSortParameterized":"false","msrcFilterParamDesc":"","objlabel":"Table","objectParameterized":"true","objDesc":""},"sourceConnectionId":"@fySs2h2yPEHj3Y19xspGMP","newFlatFile":false,"newObject":false,"showBusinessNames":true,"naturalOrder":true,"truncateTarget":false,"bulkApiDBTarget":false,"customFuncCfg":{"@type":"customFuncConfig","id":-1,"connections":[],"inputMap":[],"outputFields":[]},"tgtFieldRefs":{},"targetUpdateColumns":[],"extendedObject":{"@type":"extendedObject","object":{"@type":"mObject","name":"ACTOR","label":"ACTOR","metadataUpdated":false,"relations":[],"children":[]},"advancedFilterExpression":"","objects":[{"@type":"mObject","name":"ACTOR","label":"ACTOR","metadataUpdated":false,"relations":[],"children":[]}],"filters":[],"sortFields":[]},"runtimeAttrs":{},"isRESTModernSource":true,"isFileList":false,"handleSpecialChars":false,"frsAsset":false,"dynamicFileName":false,"currentlyProcessedFileName":false,"retainFieldMetadata":false,"tgtObjectAttributes":{},"runtimeParameterData":{"@type":"mtTaskRuntimeParameterData","isConnectionRuntimeParameter":false,"isObjectRuntimeParameter":false,"connectionParameterName":"P_SrcConnection","objectParameterName":"tablename"},"overriddenFields":[]},{"@type":"mtTaskParameter","id":131449978,"name":"$Target$","type":"TARGET","label":"P_TargetConnection (P_TargetConnection)","description":"","uiProperties":{"connectionParameterized":"true","logcnx":"P_TargetConnection","objlabel":"P_TargetTable","objectParameterized":"true","objDesc":"","defaultTargetUpdateColumns":"","supportApplyDDLChanges":"true"},"targetConnectionId":"@fySs2h2yPEHj3Y19xspGMP","targetObject":"ACTOR","targetObjectLabel":"ACTOR","newFlatFile":false,"newObject":false,"showBusinessNames":true,"naturalOrder":true,"truncateTarget":false,"bulkApiDBTarget":false,"operationType":"Insert","customFuncCfg":{"@type":"customFuncConfig","id":-1,"connections":[],"inputMap":[],"outputFields":[]},"tgtFieldRefs":{},"targetUpdateColumns":[],"extendedObject":{"@type":"extendedObject","filters":[],"sortFields":[]},"runtimeAttrs":{},"isRESTModernSource":true,"isFileList":false,"handleSpecialChars":false,"frsAsset":false,"dynamicFileName":false,"currentlyProcessedFileName":false,"retainFieldMetadata":false,"objectName":"ACTOR","objectLabel":"ACTOR","tgtObjectAttributes":{},"runtimeParameterData":{"@type":"mtTaskRuntimeParameterData","isConnectionRuntimeParameter":false,"isObjectRuntimeParameter":false,"connectionParameterName":"P_TargetConnection","objectParameterName":"P_TargetTable"},"overriddenFields":[]}],"sequences":[],"inOutParameters":[],"connRuntimeAttrs":[]}]