[{"@type":"mappingTemplate","id":"@1","name":"Customer_Standardize","description":"","bundleVersion":"0","templateId":"@3","deployTime":1608311361000,"hasParameters":false,"valid":true,"fixedConnection":true,"hasParametersDeployed":false,"fixedConnectionDeployed":true,"tasks":0,"mappingPreviewFileRecordId":"@2","documentType":"MAPPING","references":[{"@type":"reference","refObjectId":"@h5S5SPewbSkcgWNDWStNyo","refType":"connection"},{"@type":"reference","refObjectId":"@0J5Dkf6ovy2iS6nYF7E5cC","refType":"connection"},{"@type":"reference","refObjectId":"@8xaqOTPPWJbeMyV9lJ5Qo0","refType":"frsDocument"}]}]