[{"@type":"mappingTemplate","id":"@1","name":"ROracle","description":"","bundleVersion":"0","templateId":"@3","deployTime":1608322734000,"hasParameters":false,"valid":true,"fixedConnection":true,"hasParametersDeployed":false,"fixedConnectionDeployed":true,"tasks":0,"mappingPreviewFileRecordId":"@2","documentType":"MAPPING","references":[{"@type":"reference","refObjectId":"@fySs2h2yPEHj3Y19xspGMP","refType":"connection"},{"@type":"reference","refObjectId":"@0J5Dkf6ovy2iS6nYF7E5cC","refType":"connection"}]}]